y_1,y_2,y_3,y_4
225.46667652529763,306.562964983259,112.11507976871067,45.57566818549141
220.47895572916667,303.07445540364586,103.32249679734973,46.17621338611179
224.5366943359375,300.8876069878472,122.32323804685805,39.163711434293674
220.48644583178324,308.0199753224207,85.62395789064175,54.526091583197704
219.01705087425597,305.3260924014137,108.57174323505826,60.590609067462744
220.28519746713792,304.6804947451637,120.89964039320164,60.06136446512818
216.3323600260416,310.96763216145837,96.41239322514004,66.40188059813889
212.40276048642113,316.0344107065352,70.91189597711613,69.46313431191318
216.3323600260416,310.96763216145837,96.41239322514004,66.40188059813889
226.80479488699774,311.0772446172805,93.38332275786476,51.06311326639993
220.52091667054196,303.47567808314733,103.24127787250943,46.54430815915204
216.3323600260416,310.9676321614583,96.41239322514004,66.40188059813889
218.92225171285963,302.4517101934524,109.78467757432422,52.250350689239596
218.53960897197416,302.17288141741074,107.60491516811635,51.05506738972286
220.52374688430064,304.0081808345734,103.05495014231039,46.4669235532145
216.6549343843006,310.4527223462302,95.72169868818415,65.08533018871086
225.20687400018602,305.44232338169644,101.37318337668313,41.714373092783816
226.88507407924106,308.98068267919155,116.64439740275832,49.44435963673567
225.49442362661208,305.0986079411582,107.15281746045369,44.438796903178805
217.29287662760416,307.5621335720486,100.56902901935577,60.267080235781485
220.30537895275296,304.57711675347224,123.65632801654351,60.04057440679539
215.94764443824405,307.5056897786459,89.4719565469752,59.369605687459305
226.76985928199406,311.19481921968,93.24221589742389,51.12669960153671
225.24156930493555,306.66372332279263,108.33361991001311,48.414862806774316
220.59196123976935,307.90471399894597,85.45279607261173,54.15349117312481
220.47895572916667,303.07445540364586,103.32249679734973,46.17621338611179
225.4483668309772,306.1252404048859,111.94140117983338,45.7254846299893
221.3941122736855,302.80767561073907,99.25834407804379,42.212364971544375
223.27920572916668,309.60892345610125,86.26222157424847,49.42595862397189
220.05567355685767,307.29769873046877,120.06163454522024,68.0615648964574
215.89497391183036,308.8240593377976,85.26260374698941,47.22252235170395
217.69151708984373,305.74426182725693,102.84747133021884,57.08545255171812
219.17838764880952,301.9604380115328,109.57378331571913,49.504622417238025
219.85781339905753,303.8260127573165,114.30471470190987,55.028906646249155
227.77578512524806,309.5898213200645,102.93462658395717,45.56888188587673
216.20349463665676,308.5311325799851,85.90244656620328,46.79644669650851
225.46667652529763,306.562964983259,112.11507976871067,45.57566818549141
221.40442010788692,305.00773702566966,97.41562535637145,44.75207165646932
212.3448185376364,314.57648294890873,75.2940274437647,69.6742071251844
216.56788137090774,306.8898037109375,88.46173482454896,57.172090175714445
221.59740306454614,304.84947781808035,96.09291136370008,45.83315711319257
227.63469461495532,309.7195734902034,105.3324439013345,49.86022211409877
220.42360195777533,302.90365901692707,103.25556576454323,46.20684035672082
220.30537895275296,304.57711675347224,123.65632801654351,60.04057440679539
220.154009765625,310.33176054067457,123.32340756374944,73.30442670128838
221.4114013671875,303.6146625434028,96.52352986738417,44.278314779952716
220.16461247519842,308.72223502604163,123.45878206971588,71.32078470693315
228.59342032877606,309.6549867892795,103.78769458346896,43.617431479851405
225.4666765252976,306.56296498325895,112.11507976871069,45.57566818549141
216.35430946180554,310.80805002170143,96.16094637199683,65.79645928266314
225.46667652529763,306.562964983259,112.11507976871067,45.57566818549141
220.48400830078126,305.0686669185578,99.65178756569554,49.42776897106095
219.32812329489087,302.9885101376488,112.08029887667155,53.60691980752743
217.79404158916174,305.9564714781746,102.86295165120987,57.640563141562964
220.5114087766617,309.6570244140625,82.0255225043625,56.121719598285736
226.84464108615452,305.7816957736545,116.21809224001565,44.710038199883925
220.30537895275296,304.57711675347224,123.65632801654351,60.04057440679539
225.67309072730654,307.0443806733631,114.69957470006791,45.83022309076218
220.49794216579863,303.1421999782986,102.61429452009551,45.75608503699302
220.5114087766617,309.6570244140625,82.0255225043625,56.121719598285736
221.27597254774304,298.8631767578125,104.17660889710321,38.0125017274574
201.70109619915678,310.0840562686012,72.55128681287816,74.20860514447045
225.4483668309772,306.1252404048859,111.94140117983338,45.7254846299893
222.83085029141867,296.55234703621034,109.37460670896307,40.97725014228922
221.54874880642365,309.4434371202257,95.86030772078479,55.23630566303818
219.32812329489087,302.9885101376488,112.08029887667155,53.60691980752743
216.28078115699404,310.83977669270837,79.55930793483674,54.708963131162854
225.46667652529763,306.562964983259,112.11507976871067,45.57566818549141
225.1968419983879,303.02973694816467,104.509465394449,40.02563872074702
212.44648508804568,311.2268440755209,93.00880957784099,73.12494086992173
221.28437141927083,299.94503168402775,100.4777741887128,39.666304960250855
216.29545768229167,308.01010018291174,88.69913776705506,59.31685489679266
220.45932613699773,309.675288593595,83.82944438262214,55.95041178486461
220.58520695374506,308.0975600663443,85.58873345261023,54.31546629625653
226.80479488699774,311.0772446172805,93.38332275786476,51.06311326639993
225.2464157133557,306.57814246961806,110.5103196747139,47.26444563829331
226.786595749628,311.36743919735864,93.23901007018013,51.229073317626174
225.39464610460072,305.98971090649803,110.71802043665022,45.52007455904521
226.8648427889385,310.2943434709821,94.53608640120774,51.349727725568904
226.26294366939482,309.8368612196181,103.7068428056505,45.896991207960426
220.5772447916667,303.06178255208334,103.33396809577941,46.0289344791483
223.43226946537078,298.5987447645399,111.52081153943045,41.66900292207703
220.61233000062003,308.0456808500744,85.58264796409405,54.27066755346773
225.1525511920263,305.39868405102925,107.97839123420363,45.255463450917496
226.7864124968998,307.81421493675595,97.04157933978935,48.260111813618394
226.80479488699774,311.0772446172805,93.38332275786476,51.06311326639993
222.56959171936995,296.9681882595486,106.3597569260673,36.56340436472716
217.69151708984373,305.74426182725693,102.84747133021884,57.08545255171812
216.49639295014882,310.6842778165302,96.1207242614302,65.60276025650994
225.4808821304564,306.4602606956845,111.62898949212372,46.14666514171115
221.456999093192,306.4677094029018,96.30341087708396,47.80476824261019
226.5792589905754,311.11912205481156,110.16166351145789,58.40428368102685
200.88024195498514,310.48762358165925,70.97988203734192,75.2642938430675
222.83085029141867,296.55234703621034,109.37460670896307,40.97725014228922
222.83085029141867,296.55234703621034,109.37460670896307,40.97725014228922
223.03291004774306,296.07507263764876,110.00569266588727,38.67518626369244
225.67845307849703,309.85877734375003,104.60607350782365,43.23179368913741
226.90234770275296,309.21296524677575,96.35422718326126,50.188344718367965
220.59319515749013,303.42907619512647,103.06120824860265,45.70835447284658
207.10824042038695,313.7697859002976,81.81448927604836,70.39856342182966
220.5780665922619,308.29373434399804,85.27304266351366,54.53830877800088
220.53750744435146,303.85670016431055,102.49452134877663,46.442951600631076
221.66530075799852,304.9465318545387,96.5131314798461,45.495803896658
226.839437546503,309.0838698691716,96.71115318403295,49.808988051449816
216.30578599330357,308.0019594959077,86.60625350643339,45.992299246243064
226.8141399429564,309.3584165271577,96.02578500730019,50.02748755692427
226.85386699761284,306.1536767074343,115.90368029085793,45.15308900768543
226.8141399429564,309.3584165271577,96.02578500730019,50.02748755692427
220.5240372798859,302.9248971044147,102.6638062925036,45.64310926757666
222.98840154544888,308.00259856305803,99.25851730006586,46.84729603865033
219.85781339905753,303.82601275731645,114.30471470190984,55.028906646249155
222.89808637152774,297.0926244574653,108.5816566290149,41.12480337835241
225.36737768942217,305.9919513733879,109.88722369969837,45.34606674805521
226.76985928199406,311.19481921968,93.24221589742388,51.12669960153671
226.95414502728175,309.83342548673113,104.35800637117013,45.71358915382466
226.78727573164684,308.4842260044643,96.77919717951175,49.1802800470433
219.01705087425597,305.3260924014137,108.57174323505826,60.590609067462744
220.56906993272568,308.0728220796131,85.46727459204638,54.38875514556364
220.43616671316968,303.9843630952381,102.87874253731681,46.95345791886723
221.35331530567956,301.40164327566964,102.11834146613671,40.06788027238089
226.85386699761284,306.1536767074343,115.90368029085793,45.15308900768543
221.40442010788692,305.00773702566966,97.41562535637145,44.75207165646932
225.67845307849703,309.85877734375003,104.60607350782365,43.23179368913741
224.91315085565475,304.6996583891369,90.22613692232161,44.33803469712394
216.50760788690476,308.5099144810268,86.54855957997034,46.27618511128804
226.78352317398313,307.42086048332095,116.20730606512038,46.158028979988956
226.83688115001866,310.52006097702747,94.67029326986132,51.00744549390247
216.35943793402777,310.8686253797743,96.57949689331761,66.20500873392601
220.28519746713792,304.6804947451637,120.89964039320164,60.06136446512818
225.42551947699653,305.49453956628224,106.5984604169477,43.772290754743366
226.8141399429564,309.3584165271577,96.02578500730019,50.02748755692427
222.27467234778024,295.23533699931795,109.69236532358643,38.90825885793645
220.5101957000248,306.2895517423115,90.6417075943417,51.57366686996581
220.52232663690475,308.01351476469495,85.79979673041994,54.4318024072193
224.90047712053575,306.2601389508929,87.63285695051768,44.76856106157152
226.98589088076636,304.4816010974702,92.6417187697244,41.41370523122
226.83688115001866,310.52006097702747,94.67029326986132,51.00744549390247
226.74508801463293,310.6893945234995,93.50434039349027,50.958052043193234
220.28519746713792,304.6804947451637,120.89964039320164,60.06136446512818
223.15928943452383,309.94827278645835,85.5845860501244,51.09727279313405
228.59342032877606,309.6549867892795,103.78769458346896,43.61743147985141
220.39405840773807,304.7887985491071,113.98598686259638,60.913979717723905
224.73684678819444,299.0124135044643,122.98961889647428,36.06464020528112
220.28519746713792,304.6804947451637,120.89964039320164,60.06136446512818
216.70161490885417,308.7005576171875,87.02023633935717,46.03884499581655
219.17838764880952,301.9604380115328,109.57378331571913,49.504622417238025
215.85692290581596,306.54869504123263,96.38740224763576,55.78197510325216
220.5858697141617,309.38560368613594,82.72305179400672,55.42959403326777
220.54433766586058,309.78280888826885,84.68655236914802,55.75827210489151
226.80479488699774,311.0772446172805,93.38332275786476,51.06311326639993
221.38190947420634,303.93694481646827,98.68556514822744,43.05503721000026
219.17838764880952,301.9604380115328,109.57378331571913,49.504622417238025
217.7453673735119,308.0324249441964,102.76384477914073,61.91975675302839
220.05926769438247,307.2675623372396,120.19921662044018,67.82168472080635
225.48954053509428,307.73262079923114,111.53457226943969,46.862263175389124
221.59740306454614,304.84947781808035,96.09291136370008,45.83315711319257
220.48745941840275,309.34130230809774,82.79530546480512,55.46254097730773
223.04380438523066,295.9609106755332,110.14736087375218,38.328577242452624
223.04380438523066,295.9609106755332,110.14736087375218,38.328577242452624
221.2729958767361,307.250287109375,96.1347586351324,54.53946011220084
223.5445854027158,304.9955033947173,98.64343234365705,43.33961519060816
226.8047948869978,311.07724461728054,93.38332275786476,51.063113266399924
225.46667652529763,306.562964983259,112.11507976871067,45.57566818549141
221.45088812934029,309.36551817491323,95.73945058713136,55.321757690041146
225.40544070870538,305.33591543433783,105.73982993478621,44.64254492760462
226.90234770275296,309.21296524677575,96.35422718326126,50.188344718367965
222.83085029141867,296.55234703621034,109.37460670896307,40.97725014228922
218.11273567708332,303.7666506076389,105.13078453533737,53.6746600057284
212.4463776971726,311.22487890624996,92.87568193538604,73.1676739964258
225.46667652529763,306.562964983259,112.11507976871067,45.57566818549141
217.79404158916174,305.9564714781746,102.86295165120987,57.64056314156295
214.9830850211077,309.17251059256824,84.79828394558322,47.923361132375135
221.44585456969247,303.9813595300099,98.66315453039907,43.00313285254928
226.82468355887278,305.752554094587,115.68002541390676,44.658251317054514
220.4218326822917,303.35140635850695,103.01536082744599,46.00947064464181
215.8653525700645,308.04483350384425,85.56927946079597,46.629406170350535
223.04380438523066,295.9609106755332,110.14736087375218,38.328577242452624
218.21526017640127,303.97886025855655,105.14626485632839,54.22977059557324
219.85781339905753,303.8260127573165,114.30471470190987,55.028906646249155
218.11273567708332,303.7666506076389,105.13078453533737,53.6746600057284
226.73471533203124,308.38191420200894,115.3031634297043,49.66919547446822
218.9232495659722,302.09052907986114,109.1461479852868,50.10789686784291
226.78539708891373,306.2223484700521,116.30896650751808,45.39581088495633
226.38443480282734,309.8718080202133,105.19194052645771,42.12886470224491
220.55302018229168,308.19870250496035,85.40320986451043,54.464794592615156
220.47159092106895,303.278889625186,103.04910569639053,46.24947782553819
215.24340776909722,301.9565833178323,98.49949823474631,54.4068558387504
215.7953519500248,308.85741654265877,85.47897168972884,47.26898533903859
226.83857431175596,308.4138588014633,96.97353534431053,48.88881981802491
220.5443376658606,309.7828088882688,84.68655236914802,55.75827210489151
226.80479488699774,311.0772446172805,93.38332275786476,51.06311326639993
219.4544869946677,306.20447763206846,114.2111052404131,63.61269134565888
226.76560258556546,311.2171192103795,93.35159545934768,51.14618677264925
223.78754596819198,296.35838004557297,110.33114460781641,37.86766058133141
220.47895572916667,303.07445540364586,103.32249679734971,46.17621338611179
225.71287497674854,309.8221951807416,102.67960690397433,45.96376248167179
216.3488208705357,307.89561444382446,88.54962188244372,59.033935368199835
226.77214504278277,308.3344404606895,97.00193604807376,48.88989909729629
219.47432040163076,302.6301513361856,107.84173352205184,49.65052393283668
223.000633812314,295.8493651956225,110.04779812916247,38.28135167510169
220.81349543108257,304.78247855437746,120.96246575982734,59.23074681274852
220.4511363234747,304.893281343006,115.62573394716858,60.56882803439716
226.89423071289065,310.4230712541852,94.98442189526179,51.163933599789935
216.29545768229167,308.01010018291174,88.69913776705506,59.31685489679266
215.84198377046133,307.17067717633927,88.3339648414188,59.24006393112203
228.59342032877606,309.6549867892795,103.78769458346896,43.61743147985141
218.92225171285963,302.4517101934524,109.78467757432422,52.250350689239596
226.78865832713296,307.3933390531994,115.96027028894173,46.47039460424393
226.85386699761284,306.1536767074343,115.90368029085793,45.15308900768543
212.5313048735119,311.4043255673363,92.17007346353077,73.56241443509904
220.26097994171627,306.16327332511776,96.40461621266067,51.06969387035773
217.46173837425596,308.6412803664435,85.92573424149569,47.55485966395827
225.68305826822916,307.08997409784223,114.02354480996712,46.24490823629168
218.8881453954303,302.221050858755,109.11150918807175,50.1909811641514
219.01877055431547,305.33055259486605,108.25898274530682,60.36785221313295
218.9232495659722,302.0905290798611,109.14614798528683,50.10789686784291
218.11273567708332,303.7666506076389,105.13078453533737,53.6746600057284
228.59342032877606,309.6549867892795,103.78769458346896,43.61743147985141
222.27467234778024,295.23533699931795,109.69236532358646,38.90825885793645
220.30537895275296,304.57711675347224,123.65632801654351,60.04057440679539
223.85523845951144,296.77989122178826,110.78994730051234,38.09561969628915
216.33540733506942,308.78118532986116,86.29957779262685,46.58541542759648
216.3323600260416,310.96763216145837,96.41239322514004,66.40188059813889
203.41125827752975,316.7583893229167,78.95092063843258,76.55733304189752
218.53960897197416,302.17288141741074,107.60491516811635,51.05506738972286
221.51113183593748,299.8271808965774,114.45063164980449,44.10922786815583
224.54403080822172,296.3498589797247,110.5643990710425,36.50918125920068
212.3353109188988,316.2899158451141,70.61142626484362,70.3484877348804
220.50632443576393,303.4577529296875,102.63525727456712,45.91261000775029
216.30578599330357,308.0019594959077,86.60625350643339,45.992299246243064
225.67845307849703,309.85877734375003,104.60607350782365,43.23179368913742
217.69151708984373,305.744261827257,102.84747133021885,57.085452551718106
216.29545768229167,308.01010018291174,88.69913776705506,59.31685489679266
220.28519746713792,304.6804947451636,120.89964039320164,60.06136446512818
212.38728376891123,316.38261082434275,70.67405302473098,70.42341471994492
225.55911472284225,306.04080715215775,112.47180144331192,43.902468509038286
216.184845610119,312.99768982514877,80.79538669046272,54.779468614346136
220.5443376658606,309.78280888826885,84.68655236914802,55.758272104891525
222.962142578125,296.8539194878473,108.90113890416535,41.07686952124701
220.57499207899303,308.59866572110616,85.48124179253755,54.83157033881939
220.4363693847656,309.79586013067336,83.31431618601684,56.336740965642626
220.5443376658606,309.78280888826885,84.68655236914802,55.758272104891525
226.80479488699774,311.0772446172805,93.38332275786476,51.06311326639993
225.4666765252976,306.56296498325895,112.11507976871067,45.57566818549141
220.47895572916667,303.07445540364586,103.32249679734971,46.17621338611179
217.28784117683531,308.87714155505955,85.11583630817151,48.14202058721976
221.55760963076636,306.4245025576637,96.82676577907895,46.368360250302715
217.3152271050347,307.5135576171875,100.80676197832602,60.21274129237069
220.43121125527037,303.7296835239955,103.22406430507337,46.98698637210629
220.5092079768105,303.47216255115325,103.13677661518321,46.1903601739066
212.55899482266864,304.7000165860615,94.40623444913683,61.196433459120456
226.839437546503,309.08386986917156,96.71115318403295,49.808988051449816
219.85781339905753,303.8260127573165,114.30471470190987,55.028906646249155
220.51174268353174,308.5318162512401,85.1993487649847,54.771025309204425
220.56058024088543,304.19877799479167,119.04208165938766,56.21210965624563
226.94390332031253,309.9747231987847,95.55366768678029,51.5023961941931
225.77520125713045,309.7554321754093,102.35514713643593,45.14015404971441
226.83688115001866,310.52006097702747,94.67029326986132,51.00744549390247
220.60932311430435,303.82986345176084,102.1913001862531,46.70533748912685
218.53960897197422,302.17288141741074,107.60491516811632,51.05506738972285
221.59740306454614,304.84947781808035,96.09291136370008,45.83315711319257
225.42551947699653,305.49453956628224,106.5984604169477,43.772290754743366
226.80479488699774,311.0772446172805,93.38332275786476,51.06311326639993
212.30343298146082,312.24606059337793,80.99348464793755,66.85817066738593
220.52271885075643,309.6180180354043,84.42910123089887,55.41606605645588
223.03291004774306,296.0750726376488,110.00569266588727,38.67518626369244
226.80479488699774,311.0772446172805,93.38332275786476,51.06311326639993
212.33459971013144,311.7709622085813,81.02979146065283,66.14282400926459
223.04380438523066,295.9609106755332,110.14736087375218,38.328577242452624
222.9603984607515,296.4696974128844,109.8564552020068,39.69688650533636
225.4787242373512,311.6098277219742,88.06194560058029,53.170364512231615
220.46521753317217,303.4462610909598,103.20402099291482,46.53393083155092
219.17838764880952,301.9604380115328,109.57378331571913,49.504622417238025
216.3323600260416,310.9676321614583,96.41239322514005,66.40188059813889
221.2729958767361,307.250287109375,96.1347586351324,54.53946011220084
220.47950303044394,309.85007331969246,84.61956369018051,55.83958657963315
215.56539039248509,308.96622902715774,84.86315583195763,48.098021240067865
225.4666765252976,306.56296498325895,112.11507976871069,45.57566818549141
225.67845307849703,309.85877734375003,104.60607350782365,43.23179368913741
225.46667652529763,306.562964983259,112.11507976871067,45.57566818549141
226.57925899057537,311.11912205481156,110.16166351145789,58.40428368102685
220.41633846416175,305.24055068436877,98.28368339500477,49.875612092594615
219.32812329489087,302.9885101376488,112.08029887667155,53.60691980752743
220.59445022631448,308.34353328062997,85.4166295547889,54.76355055161632
225.4483668309772,306.1252404048859,111.94140117983338,45.7254846299893
226.74508801463293,310.68939452349946,93.50434039349027,50.958052043193234
219.17838764880952,301.9604380115328,109.57378331571913,49.504622417238025
220.43616671316963,303.9843630952381,102.87874253731681,46.95345791886722
219.17838764880952,301.96043801153274,109.57378331571913,49.504622417238025
225.4764066685268,307.1530289248511,107.29141997101195,48.50655326911381
223.04380438523066,295.9609106755332,110.14736087375218,38.328577242452624
217.79404158916168,305.9564714781746,102.86295165120987,57.64056314156295
220.47895572916667,303.07445540364586,103.32249679734971,46.17621338611179
215.56539039248509,308.96622902715774,84.86315583195763,48.098021240067865
226.57793259393603,308.62290518043153,105.756005363646,52.3964398440457
218.1689349810888,304.0759377325149,105.07438280284721,54.38751295007221
225.67845307849703,309.85877734375003,104.60607350782365,43.23179368913742
225.46667652529763,306.562964983259,112.11507976871067,45.57566818549141
225.59753237382193,309.90479581318203,102.77560520261935,46.49747914208054
221.4349777560764,303.84592154947916,98.03255240016514,43.840453932020395
226.77030657862105,310.91414175657235,93.2835687115079,51.063340593585266
220.5088032110305,303.055219703311,102.88115996141282,45.93608006566289
220.42829752604166,303.2173695126488,102.50856603487205,46.16042641702783
216.4656494140625,311.0471976453993,96.17537157023393,66.27469381431297
226.95414502728175,309.83342548673113,104.35800637117013,45.71358915382466
220.56058024088543,304.19877799479167,119.04208165938766,56.21210965624563
201.65285758463543,313.2556475694445,74.87226106046748,75.54833040311601
225.6337737242683,309.7981702086434,103.86339914485386,43.478555586292636
220.37138375031003,303.20261995442706,103.35336315071265,46.31257165435508
225.18412349640374,308.1282820250496,87.49244007862436,47.120871667680284
225.2464157133557,306.57814246961806,110.5103196747139,47.26444563829331
220.11725770399306,308.16793075706846,123.11706170570535,70.69449127342588
225.71919605654762,306.9673442150298,115.67950310679844,45.03583177834466
216.3488208705357,307.8956144438244,88.54962188244372,59.033935368199835
220.48380368768602,307.9732927052331,85.50359374592797,54.34948245537596
220.05926769438247,307.2675623372396,120.19921662044018,67.82168472080635
220.57635691809278,303.1700877278646,102.66336428001948,45.79121728795546
220.6642034737723,309.6569024212549,84.8227803990147,55.66923942706951
220.42735432555187,303.10172619047614,102.76471715619827,46.07968280568829
219.3657915736607,302.80963671874997,107.50216238410385,50.32133636830345
228.59342032877606,309.6549867892795,103.78769458346896,43.617431479851405
220.63098347981767,304.93576592726936,118.86256925587426,59.750644885475666
226.78727573164684,308.4842260044643,96.77919717951175,49.1802800470433
219.05696367730033,301.8512488064236,109.56168010284787,49.411945628883984
225.6497019159226,307.13988044084823,115.76450626294573,45.37215503616939
220.49631535218253,304.88072362893723,100.88864304380063,48.665718070758075
216.20349463665676,308.5311325799851,85.90244656620328,46.7964466965085
223.05538912140372,308.8676136997768,86.44096536827087,49.014078043089974
225.46667652529763,306.562964983259,112.11507976871067,45.57566818549141
225.46667652529763,306.562964983259,112.11507976871067,45.57566818549141
225.59072944568453,306.9251051897321,116.486988831293,44.86724148553516
220.4795030304439,309.8500733196924,84.61956369018051,55.839586579633135
220.44126278831845,309.43924534195196,84.04744958336644,55.59883608749935
220.525735281808,303.56321105375747,103.34901169870264,46.66889175517597
221.32128673735116,308.0639220610119,98.26790755058471,54.13544686062373
225.40544070870538,305.33591543433783,105.73982993478621,44.64254492760462
217.79404158916174,305.9564714781746,102.86295165120987,57.640563141562964
225.5684494047619,305.7007596726191,112.8657940776159,43.30430844301899
220.44036824931794,304.5316584976439,123.49978844658786,59.383144500410744
226.79526044766862,306.6465504634797,116.21421928770579,45.791101515498745
216.3178015718006,306.9718725818453,88.03516108558293,58.378618233655494
227.8414343998016,309.7974738343254,104.81035261905004,44.4063958737989
220.16461247519842,308.72223502604163,123.45878206971588,71.32078470693315
224.51752155412947,296.8681192258804,111.30368912402159,36.85668336313743
222.962142578125,296.8539194878472,108.90113890416532,41.07686952124702
220.45189925517735,309.85621074761286,83.97117313886572,56.16512992779288
219.7416113932292,306.7387471028645,117.21355903648698,65.96199662350851
225.26952725074403,297.5406831907242,111.5814009545846,36.15923181032251
216.3178015718006,306.9718725818453,88.03516108558293,58.378618233655494
215.7953519500248,308.8574165426587,85.47897168972884,47.26898533903859
220.28519746713786,304.6804947451637,120.89964039320164,60.06136446512818
223.60784051804316,306.52805882626495,98.76433899996267,43.80072445695993
221.38190947420634,303.93694481646827,98.68556514822744,43.05503721000026
219.07691557384678,305.53071468098955,108.34904377480159,60.77488934268649
220.48380368768602,307.9732927052331,85.50359374592796,54.34948245537596
221.3667263454861,303.5701716579861,96.46921351496378,44.28592150561015
221.24207237413194,307.3623479817708,96.77169612103921,54.485319888644746
219.01705087425597,305.3260924014137,108.57174323505826,60.590609067462744
220.56058024088543,304.19877799479167,119.04208165938766,56.21210965624563
226.81413994295636,309.35841652715766,96.02578500730019,50.02748755692427
212.51336420355906,308.7343453156002,93.24425693848524,64.9487661598246
225.46667652529763,306.562964983259,112.11507976871067,45.57566818549141
220.45157666790675,303.55809516059026,102.77553445447184,46.25575277871303
218.21526017640127,303.97886025855655,105.14626485632841,54.22977059557324
217.65845941840274,305.47302170138886,102.74212996949089,56.633153324427425
226.90234770275302,309.21296524677575,96.35422718326124,50.188344718367965
220.28519746713792,304.6804947451637,120.89964039320164,60.06136446512818
220.16461247519842,308.7222350260417,123.45878206971588,71.32078470693315
220.16461247519842,308.72223502604163,123.45878206971588,71.32078470693315
228.59342032877606,309.6549867892795,103.78769458346896,43.617431479851405
224.97938048735122,305.7687423735119,98.74287411105445,43.914112329089455
220.56058024088543,304.19877799479167,119.04208165938766,56.21210965624563
220.45932613699773,309.675288593595,83.82944438262214,55.95041178486461
225.0253270166791,309.6469850182912,102.04857260945234,46.361345579492976
225.55911472284225,306.04080715215775,112.47180144331192,43.902468509038286
223.04380438523066,295.9609106755332,110.14736087375218,38.328577242452624
219.1357484809028,305.7094392206101,111.36762449810492,62.269184064199045
223.40824658203127,308.07724055989587,99.96916242324737,44.68477903011488
219.62291378658233,306.35540028366813,114.41767777344032,64.2834216267722
225.5673260013641,306.55574007936514,112.01217167795778,45.905893912113534
220.56058024088543,304.19877799479167,119.04208165938766,56.21210965624563
220.28519746713786,304.6804947451637,120.89964039320164,60.06136446512818
217.46173837425596,308.6412803664435,85.92573424149569,47.55485966395827
215.89497391183036,308.8240593377977,85.26260374698941,47.22252235170395
218.5515777219742,304.3547665085565,107.25414520905511,55.58279624958897
215.56539039248509,308.96622902715774,84.86315583195763,48.098021240067865
220.47895572916667,303.07445540364586,103.32249679734973,46.17621338611179
221.1335011315724,301.57461016555055,96.41676203993137,43.39066780176617
225.46667652529763,306.562964983259,112.11507976871067,45.57566818549141
220.38977019779264,309.7385929749504,84.38320206380774,55.95536917770729
220.5662980995784,305.0276629464285,101.77556709354894,48.50923059140689
217.79404158916168,305.9564714781746,102.86295165120987,57.64056314156295
218.1689349810888,304.0759377325149,105.07438280284718,54.38751295007221
219.17838764880952,301.9604380115328,109.57378331571913,49.504622417238025
225.4666765252976,306.56296498325895,112.11507976871067,45.57566818549141
225.67845307849703,309.85877734375003,104.60607350782365,43.23179368913742
218.53960897197422,302.17288141741074,107.60491516811632,51.05506738972285
220.2812251829117,304.20551373387895,116.4246481145324,55.912067170334865
225.4666765252976,306.56296498325895,112.11507976871069,45.57566818549141
225.45071059647816,309.78922822885664,102.92527527102717,46.666203128554834
220.64387332589286,303.73928490823414,102.61253162656513,45.71111985017382
224.5366943359375,300.8876069878472,122.32323804685805,39.163711434293674
220.5828392237103,308.24798508804565,85.46870199160097,54.596883738083804
219.01413273499506,302.74708547247025,109.36757503841037,53.08360400041197
226.786595749628,311.36743919735864,93.23901007018013,51.229073317626174
226.84464108615452,305.7816957736545,116.21809224001568,44.710038199883925
223.04380438523066,295.9609106755332,110.14736087375218,38.328577242452624
228.0507056012835,309.69132110692584,104.4994695953465,43.10853507510948
218.53960897197416,302.17288141741074,107.60491516811635,51.05506738972286
212.2240911845858,312.6159063430059,81.27216679279893,67.25371958688201
220.2812251829117,304.20551373387895,116.4246481145324,55.912067170334865
215.15040839688737,308.7558735429067,84.6403396422472,47.84731993908857
221.38190947420634,303.9369448164682,98.68556514822744,43.05503721000025
226.82205961294025,311.118540438213,93.32002496573281,51.12453176305156
215.78320977492564,307.98996471974203,89.16364983682784,60.086687398002255
220.28519746713792,304.6804947451637,120.89964039320164,60.06136446512818
226.7864124968998,307.81421493675595,97.04157933978935,48.260111813618394
227.84143439980159,309.7974738343254,104.81035261905004,44.40639587379889
220.05567355685767,307.29769873046877,120.06163454522024,68.06156489645741
218.9232495659722,302.0905290798611,109.14614798528683,50.10789686784291
220.60735199652783,303.3013364800347,102.76881142471454,46.403130011443736
220.483803687686,307.9732927052331,85.50359374592797,54.34948245537596
220.52232663690475,308.01351476469495,85.79979673041994,54.4318024072193
220.4999651692708,309.63425516183037,83.23990830077824,55.842826302781944
215.56539039248509,308.96622902715774,84.86315583195763,48.098021240067865
215.28628230406747,309.0692182384672,84.08235749217441,48.67561921283177
226.93601738823787,310.4191108592199,95.02121376907762,51.18304087702938
220.28519746713792,304.6804947451637,120.89964039320164,60.06136446512818
215.8653525700645,308.0448335038443,85.56927946079597,46.629406170350535
216.3323600260416,310.9676321614583,96.41239322514004,66.40188059813889
227.08158234126986,309.78559703621033,104.49579101229469,45.10743731362984
215.90175320870534,308.8343559957837,85.24175299483002,47.38558799741635
226.81064081101195,310.0571509486607,94.98755472380017,51.57829276648779
224.76443641493051,304.8422878379216,91.3661854718829,44.60308824457945
226.9491385284908,306.4747386648995,116.43217468378782,44.946055100153366
212.45964424448167,312.49355640811007,81.85013858777506,66.91184294550256
216.71245345052085,306.10211188616074,88.1238579268178,56.464217999952815
216.20349463665676,308.5311325799851,85.90244656620328,46.7964466965085
225.42551947699653,305.49453956628224,106.5984604169477,43.772290754743366
219.16846876162577,302.0311648995536,109.6151054981171,49.56256791005438
216.34882087053575,307.89561444382446,88.54962188244372,59.033935368199835
222.8915578187004,306.14910392640127,98.0082316863953,46.38407220225107
220.56058024088543,304.19877799479167,119.04208165938766,56.21210965624563
225.4483668309772,306.125240404886,111.94140117983338,45.725484629989296
225.54921820746532,305.36566986762153,106.45777447078846,43.677322041476216
226.93601738823787,310.4191108592199,95.02121376907762,51.18304087702938
220.2812251829117,304.205513733879,116.4246481145324,55.91206717033488
224.5366943359375,300.8876069878472,122.32323804685805,39.163711434293674
220.59837546502976,309.67855653986857,83.16765462997982,55.80987935874198
226.66581703404017,308.54352574714784,115.61996845461326,50.273266076380615
223.000633812314,295.8493651956225,110.04779812916247,38.28135167510169
220.42360195777528,302.90365901692707,103.25556576454323,46.20684035672081
216.3323600260416,310.9676321614583,96.41239322514005,66.40188059813889
225.7400922851563,309.79713621496774,103.12803340443607,44.899757819526414
223.73711584666415,300.29954016307045,111.93392975564734,42.84270010999019
226.80479488699774,311.0772446172805,93.38332275786476,51.06311326639993
226.93601738823787,310.4191108592199,95.02121376907762,51.18304087702938
216.43698566158233,307.699675734747,86.59175324023211,45.858819307690574
220.28519746713792,304.6804947451637,120.89964039320164,60.06136446512818
220.2812251829117,304.20551373387895,116.4246481145324,55.912067170334865
226.80479488699774,311.0772446172805,93.38332275786476,51.06311326639993
225.62887197730652,307.23736225818453,114.04060926367745,46.4929784318379
224.73684678819444,299.0124135044643,122.98961889647428,36.06464020528112
216.3323600260416,310.96763216145825,96.41239322514005,66.40188059813889
220.28519746713786,304.6804947451637,120.89964039320164,60.06136446512818
220.54724511718752,308.7307990451389,85.3800495428156,55.24134695247368
215.72537270585318,308.0196731305804,85.73719985608702,46.827252610887804
215.27503627232144,309.05541164434527,83.8825333457523,48.9236954589874
220.56058024088543,304.19877799479167,119.04208165938766,56.21210965624563
226.7979389105903,307.2489632161458,97.08918442613108,47.48347951714199
220.4652175331721,303.4462610909598,103.20402099291485,46.53393083155092
225.34961249844991,306.59378197854664,111.40102042959606,46.3479976827682
220.2812251829117,304.205513733879,116.4246481145324,55.91206717033488
226.80479488699774,311.0772446172805,93.38332275786476,51.06311326639993
224.5366943359375,300.8876069878472,122.32323804685805,39.16371143429368
218.8881453954303,302.221050858755,109.11150918807175,50.1909811641514
212.30343298146082,312.24606059337793,80.99348464793755,66.85817066738593
222.22135012865823,295.5688933144221,109.74932355722297,39.15385497753708
220.5886251860119,303.47707211061504,103.41640375819534,45.96527901989568
220.55514051649305,304.8502073102679,100.89215439556766,48.60767623651217
220.58876673332094,303.47235835193453,103.37212724216401,46.08279259693307
216.35943793402777,310.8686253797743,96.57949689331761,66.20500873392601
225.2780538736979,297.27296348741316,111.20010946595228,35.626952853273465
219.32444713696677,306.1113498046875,114.23295805555676,63.861653434879564
215.85434987289182,306.61785910373266,96.18321466224407,55.939864903490374
220.47895572916667,303.07445540364586,103.32249679734971,46.17621338611179
220.5432385137649,303.34520498511904,103.35401140793795,46.481990019703666
219.6229137865824,306.35540028366813,114.41767777344032,64.2834216267722
221.2729958767361,307.250287109375,96.1347586351324,54.53946011220084
216.84948284040178,307.6303044084822,87.21186954707191,45.263273051488966
226.90234770275296,309.21296524677575,96.35422718326126,50.188344718367965
228.59342032877606,309.6549867892795,103.78769458346896,43.617431479851405
220.10237651909725,309.8228908032614,123.09502083528609,72.69683687887242
219.85781339905753,303.82601275731645,114.30471470190984,55.028906646249155
227.21337892175103,309.4105701574901,102.48216650694387,45.51064818850017
220.2812251829117,304.20551373387895,116.4246481145324,55.912067170334865
221.31284776475695,307.6436525065104,97.18971376380213,54.32854025755988
227.2104637741815,306.19552734375003,103.65248189317613,40.10758042279501
220.28519746713792,304.6804947451637,120.89964039320164,60.06136446512818
225.4483668309772,306.1252404048859,111.94140117983338,45.7254846299893
219.01705087425597,305.3260924014137,108.57174323505824,60.59060906746273
216.29545768229167,308.01010018291174,88.69913776705506,59.31685489679266
221.4400458984375,313.7145826822917,95.07187753571404,56.48041774569617
220.13204442584325,304.6792255859375,122.3655012745832,60.4994223679033
220.5101957000248,306.2895517423115,90.64170759434171,51.57366686996581
223.000633812314,295.8493651956225,110.04779812916247,38.28135167510169
220.47944896298364,304.7394752332899,100.46907901918571,48.926964230140044
221.45699909319197,306.4677094029018,96.30341087708396,47.80476824261019
225.5684494047619,305.7007596726191,112.8657940776159,43.304308443018996
226.8414947412885,310.8434593370225,93.89523966307111,51.11352666234718
226.80479488699774,311.0772446172805,93.38332275786476,51.06311326639993
220.4021848764571,303.4752682291666,102.92211979472447,46.45789460672903
225.29315939670136,296.9991967230903,111.03563170037447,34.98961379330247
226.90234770275302,309.21296524677575,96.35422718326124,50.188344718367965
221.38190947420634,303.93694481646827,98.68556514822744,43.05503721000026
226.74886611793153,311.0444992327009,93.35480128659142,51.04381305655979
212.57544005766368,311.0831897786458,92.74959561789983,73.07456111659701
220.54433766586058,309.7828088882688,84.68655236914802,55.758272104891525
223.0864459712922,295.32959287419396,109.83609479356191,38.28803645157435
222.962142578125,296.8539194878473,108.90113890416535,41.07686952124701
223.58334786551342,294.74738819909476,108.99201482332823,37.862057817963695
227.05154013206848,309.6825935019841,104.23898829047388,45.24014079581619
220.62019593253967,303.5659506138393,102.40033831796191,46.15199359449256
221.2729958767361,307.250287109375,96.1347586351324,54.53946011220084
225.2464157133557,306.57814246961806,110.51031967471393,47.26444563829332
221.4457484499008,303.93439750744045,98.03696523699685,43.84970936682868
221.51113183593753,299.8271808965774,114.45063164980449,44.10922786815583
220.65127270120288,309.28435641431054,85.09825126172123,55.30568652940427
225.5684494047619,305.7007596726191,112.8657940776159,43.304308443018996
227.80195793030754,309.81709478856646,104.58208230444488,44.39542263337039
220.28519746713792,304.6804947451637,120.89964039320164,60.06136446512818
220.63173870752726,303.21978997705855,103.26721922501558,45.78201239628136
221.4569626736111,307.7384587673611,95.98024387504435,54.70938916782096
219.29697546968004,305.4328865327381,92.48713885441279,49.907654881640084
219.07691557384678,305.53071468098955,108.34904377480159,60.77488934268649
221.3620979817709,308.9558228081597,85.86007906499995,48.010902631139004
219.94436942739335,304.4548926595052,102.42545655826287,50.60603165883362
220.2812251829117,304.205513733879,116.4246481145324,55.91206717033488
225.46667652529763,306.562964983259,112.11507976871067,45.57566818549141
218.9232495659722,302.09052907986114,109.14614798528683,50.10789686784291
216.34882087053575,307.8956144438244,88.54962188244372,59.033935368199835
226.47025338696676,309.8132622535342,103.59543568947201,44.29443716450091
225.40544070870538,305.3359154343378,105.73982993478623,44.64254492760462
216.10556166294646,307.8130162295387,86.18509519749595,46.18562698078155
221.20916582961314,302.18719833519344,96.31856170191085,43.58925507646893
226.94390332031253,309.9747231987847,95.55366768678029,51.5023961941931
221.40326269531252,312.96430099826387,95.46512836943732,56.08147783938161
220.4811614428323,309.51771593656997,84.48919501378296,55.61378147120703
225.46667652529763,306.562964983259,112.11507976871067,45.57566818549141
220.56058024088543,304.19877799479167,119.04208165938766,56.21210965624563
212.30343298146082,312.24606059337793,80.99348464793756,66.85817066738593
220.4511363234747,304.8932813430059,115.6257339471686,60.56882803439716
228.59342032877606,309.6549867892795,103.78769458346896,43.617431479851405
226.78539708891367,306.2223484700521,116.30896650751808,45.39581088495633
226.839437546503,309.08386986917156,96.71115318403295,49.808988051449816
225.6944038085938,310.25253749689983,97.84658005371297,54.65048469864123
201.64401708209328,309.96438113839287,72.58915667258368,74.2564628877993
225.67118874007937,306.2580986173115,108.32115155090858,46.970643580714224
222.83085029141867,296.55234703621034,109.37460670896307,40.97725014228922
226.839437546503,309.0838698691716,96.71115318403295,49.808988051449816
216.3178015718006,306.9718725818453,88.03516108558293,58.378618233655494
226.70893199327256,306.9385731298053,115.83320073793804,46.24597136963235
212.62386137462795,307.9570266927084,93.45945802122449,62.018022872697735
220.21808806888643,307.6424822552393,94.3735040481103,52.62370226843143
220.16461247519842,308.72223502604163,123.45878206971588,71.32078470693315
226.74886611793153,311.0444992327009,93.35480128659142,51.04381305655979
223.04380438523066,295.9609106755332,110.14736087375218,38.328577242452624
226.66581703404017,308.54352574714784,115.61996845461326,50.273266076380615
217.79404158916168,305.9564714781746,102.86295165120987,57.64056314156295
221.1149620923239,294.8904799494668,107.94090395180638,41.88553354616519
225.67845307849703,309.85877734375003,104.60607350782365,43.23179368913741
226.8648427889385,310.29434347098214,94.53608640120774,51.349727725568904
225.4666765252976,306.56296498325895,112.11507976871069,45.57566818549141
217.69151708984373,305.74426182725693,102.84747133021884,57.085452551718106
226.24795487661214,309.87239860801094,103.86976013349098,46.698844012348744
203.41125827752978,316.7583893229167,78.95092063843258,76.55733304189752
223.03291004774306,296.07507263764876,110.00569266588727,38.67518626369244
220.17683775111604,309.2723819599454,122.46656535067886,72.28282738590745
220.5593912954179,305.13671658761166,117.01217315101118,60.193666939840114
225.58825954861112,305.4110724438864,106.54536922956395,43.22649494800366
220.57724479166663,303.06178255208334,103.33396809577941,46.0289344791483
226.84464108615452,305.7816957736545,116.21809224001565,44.710038199883925
219.85781339905753,303.8260127573165,114.30471470190987,55.028906646249155
220.5299914202009,303.58598291015625,102.8246042143958,46.290885029675465
225.42551947699653,305.49453956628224,106.5984604169477,43.772290754743366
226.643987203931,308.25565059213795,115.4338053260783,49.741249100014024
221.44585456969244,303.98135953000985,98.66315453039907,43.00313285254927
220.55302018229168,308.19870250496035,85.40320986451043,54.464794592615156
225.54921820746532,305.36566986762153,106.45777447078846,43.677322041476216
220.57091113281254,303.9838590184772,103.075748223441,46.16274291870076
220.53515445576016,302.9185300564236,102.44634878511783,45.442687277117734
224.74074658203125,304.67614132254465,91.0975605517342,44.62424253413034
216.3323600260416,310.96763216145837,96.41239322514004,66.40188059813889
219.44259063430064,303.29521191406246,111.6036811946788,54.40113414759359
219.20746921037943,305.7324631789435,111.12431630275867,61.96032158381347
225.14493643043156,309.0179132719494,102.78334593044008,45.77443121266996
220.53741383773564,303.17851621403776,103.2347529107351,46.02583355235044
219.85781339905753,303.8260127573165,114.30471470190987,55.028906646249155
220.28519746713786,304.6804947451637,120.89964039320164,60.06136446512818
221.2729958767361,307.250287109375,96.1347586351324,54.53946011220084
228.59342032877606,309.6549867892795,103.78769458346896,43.617431479851405
225.4666765252976,306.56296498325895,112.11507976871069,45.57566818549141
220.46376945374504,308.4330421781994,85.37769922592527,54.96734323136768
220.54639355468748,308.4858889353919,85.2210159273299,54.83000679373363
218.21526017640127,303.97886025855655,105.14626485632841,54.22977059557324
212.52008617001493,311.4675988188244,92.18692911674862,73.66334790475028
224.5366943359375,300.8876069878472,122.32323804685805,39.16371143429368
228.59342032877606,309.6549867892795,103.78769458346896,43.61743147985141
220.30537895275296,304.57711675347224,123.65632801654351,60.04057440679539
216.54629608444944,308.2384509858631,88.72768653379168,58.99390317228106
225.4666765252976,306.56296498325895,112.11507976871067,45.57566818549141
225.67309072730654,307.0443806733631,114.69957470006791,45.83022309076218
220.5780665922619,308.29373434399804,85.27304266351366,54.53830877800088
220.4511363234747,304.893281343006,115.62573394716858,60.56882803439716
215.89497391183036,308.8240593377976,85.26260374698941,47.22252235170395
225.46667652529763,306.562964983259,112.11507976871067,45.57566818549141
220.0592676943824,307.2675623372396,120.19921662044018,67.82168472080635
226.95414502728175,309.83342548673113,104.35800637117013,45.713589153824664
226.81413994295636,309.35841652715766,96.02578500730019,50.02748755692427
215.7953519500248,308.8574165426587,85.47897168972884,47.26898533903859
225.4666765252976,306.56296498325895,112.11507976871067,45.57566818549141
219.17838764880952,301.9604380115328,109.57378331571913,49.504622417238025
226.84149474128844,310.8434593370226,93.89523966307111,51.113526662347184
220.63098347981767,304.93576592726936,118.86256925587426,59.750644885475666
220.4795030304439,309.8500733196924,84.61956369018051,55.83958657963315
223.53585862707715,299.22614444211933,110.67059077431159,42.339758662489984
216.3178015718006,306.9718725818452,88.03516108558293,58.378618233655494
220.52232663690475,308.01351476469495,85.79979673041994,54.4318024072193
220.55302018229168,308.19870250496035,85.40320986451044,54.464794592615156
223.69823890904019,309.7580969819568,99.98759083019993,44.64901376718818
212.55899482266864,304.7000165860615,94.40623444913683,61.196433459120456
221.40442010788692,305.00773702566966,97.41562535637145,44.75207165646932
221.07488175843255,298.7754189453125,102.40202723575774,38.93631649140454
225.46667652529763,306.562964983259,112.11507976871067,45.57566818549141
216.3323600260416,310.9676321614583,96.41239322514005,66.40188059813889
220.1591334015377,308.75608584449407,123.37064962830114,71.32758491803729
220.28519746713792,304.6804947451636,120.89964039320164,60.06136446512818
228.59342032877606,309.6549867892795,103.78769458346896,43.617431479851405
222.83085029141867,296.55234703621034,109.37460670896307,40.97725014228922
218.85355135091146,302.10143001302083,109.28487842616327,49.810590288153406
223.46738871837798,299.2948162047371,111.07587699097174,42.58248053976089
215.8949739118303,308.8240593377976,85.26260374698941,47.222522351703944
220.635760656932,309.43178382316466,85.05226431342534,55.51715208572559
226.80479488699774,311.0772446172805,93.38332275786476,51.06311326639993
225.59072944568453,306.9251051897321,116.486988831293,44.86724148553516
219.85781339905753,303.82601275731645,114.30471470190984,55.028906646249155
216.3323600260416,310.96763216145837,96.41239322514004,66.40188059813889
220.6461008765811,308.4942236638145,85.27258610195584,55.057697334056186
216.20349463665676,308.5311325799851,85.90244656620328,46.796446696508504
220.58372172619048,302.96565350632443,102.93675538097867,45.71795284852906
224.12402575489827,311.94846058872764,96.50535345619949,47.51663732904858
225.46667652529763,306.562964983259,112.11507976871067,45.57566818549141
216.89284776475694,309.4398333333333,98.39692246790284,63.513072359826836
220.28519746713792,304.6804947451637,120.89964039320164,60.06136446512818
216.35943793402777,310.8686253797743,96.57949689331761,66.20500873392601
220.55302018229168,308.19870250496035,85.40320986451044,54.464794592615156
212.48791899956595,312.38860909598213,81.65299450601347,66.75866442082926
220.13204442584325,304.6792255859375,122.3655012745832,60.4994223679033
216.35943793402777,310.8686253797743,96.57949689331761,66.20500873392601
223.14693911210315,308.8742315848214,87.05149792808452,48.236032292799976
219.01705087425597,305.3260924014137,108.57174323505826,60.590609067462744
226.36329747953874,309.7897979755704,103.77376183484596,46.16512735194
215.83063848586306,308.7565060453869,85.41418141834319,47.5821693979445
219.22576037403897,302.12486140563,109.10031717651609,49.568162169722655
225.29315939670136,296.9991967230902,111.03563170037447,34.98961379330247
220.47950303044394,309.85007331969246,84.61956369018051,55.839586579633135
222.982713967944,296.0068653661334,109.902286712152,38.756066754391576
212.3628902452257,313.28510210503475,81.17894232446176,67.67998568139254
225.29315939670136,296.9991967230903,111.03563170037447,34.98961379330247
220.54944968377976,307.9616355484251,85.79371124190375,54.38700366443048
226.9033779413133,310.59724024600075,94.29528278565029,51.17212229260944
220.28519746713792,304.6804947451636,120.89964039320164,60.06136446512818
220.5523214983259,303.2148804175967,102.98759208200345,46.00709355029227
220.56058024088543,304.19877799479167,119.04208165938766,56.21210965624563
223.04380438523066,295.9609106755332,110.14736087375218,38.328577242452624
203.41125827752978,316.7583893229167,78.95092063843258,76.55733304189752
221.40799251302082,304.86466796875,97.25804037666322,44.767333653450024
219.17838764880952,301.9604380115328,109.57378331571913,49.504622417238025
220.574970811632,303.4354753689236,102.69176350926595,45.875438496276814
225.4725904715402,305.3072310267857,106.14381402667614,43.67501100233371
226.85386699761284,306.1536767074343,115.90368029085793,45.15308900768543
226.94390332031253,309.9747231987847,95.5536676867803,51.5023961941931
220.5828392237103,308.24798508804565,85.46870199160097,54.596883738083804
226.7864124968998,307.8142149367559,97.04157933978935,48.260111813618394
225.46667652529763,306.562964983259,112.11507976871067,45.57566818549141
216.75994577752982,307.9374420572916,89.31996858669463,57.69576191808308
225.35647091238843,307.24403239707345,110.62848721300861,47.57641425437019
215.65418652343746,309.0240001860119,85.36393218488541,47.851118174098794
226.793292077443,310.75876653180796,93.22816735274704,51.01437062814501
220.28519746713792,304.6804947451637,120.89964039320164,60.06136446512818
225.4483668309772,306.125240404886,111.94140117983338,45.725484629989296
223.03291004774306,296.07507263764876,110.00569266588727,38.67518626369244
219.94436942739335,304.4548926595052,102.42545655826287,50.60603165883362
220.55058117869544,304.521015625,101.70944584905786,48.106871495591264
225.55725674293154,306.86093484933036,116.97257245233322,44.64295431880346
220.16461247519842,308.72223502604163,123.45878206971588,71.32078470693315
225.46667652529763,306.562964983259,112.11507976871067,45.57566818549141
212.30343298146082,312.24606059337793,80.99348464793755,66.85817066738593
225.5684494047619,305.7007596726191,112.8657940776159,43.304308443018996
221.34096354166667,314.07666457403275,95.12600323879907,56.736015128544395
212.3628902452257,313.28510210503475,81.17894232446176,67.67998568139254
220.30537895275296,304.57711675347224,123.65632801654351,60.04057440679539
218.53960897197422,302.17288141741074,107.60491516811632,51.05506738972285
221.53915957496278,304.8373910435268,96.35081142632166,45.828084736926215
221.40799251302082,304.86466796875,97.25804037666322,44.767333653450024
226.80479488699774,311.0772446172805,93.38332275786476,51.06311326639993
224.89602890159972,309.41934998139885,101.22299956082541,47.53179458641502
219.20746921037943,305.7324631789435,111.12431630275869,61.96032158381346
213.93480248635916,309.55547577194943,95.9760292011039,68.66082173757704
222.962142578125,296.8539194878473,108.90113890416535,41.07686952124701
220.55551937624008,303.16625717695933,102.46974436247285,45.75914389809099
220.54488065786208,309.2513187468998,85.09135636563781,55.58471641889704
224.17080057586182,311.7424305594308,96.5744981528363,47.42078775370688
220.2812251829117,304.205513733879,116.4246481145324,55.91206717033488
220.59596335565476,308.4252601531498,85.34678979766684,54.83165923654466
225.4666765252976,306.56296498325895,112.11507976871067,45.57566818549141
226.78324800037203,307.7104860956101,116.33242689383977,45.489425605047316
216.29545768229167,308.01010018291174,88.69913776705506,59.31685489679266
223.05040645926337,296.4283765423487,110.36108940484789,38.98402586934932
220.56058024088543,304.19877799479167,119.04208165938766,56.21210965624563
225.67845307849703,309.85877734375003,104.60607350782365,43.23179368913741
218.07576030040923,311.2529508696057,80.94565270847744,54.14217569353089
223.03291004774306,296.07507263764876,110.00569266588727,38.67518626369244
226.78727573164684,308.4842260044643,96.77919717951175,49.1802800470433
226.47025338696682,309.8132622535342,103.59543568947201,44.29443716450091
216.33605031622022,308.7536806640625,86.51461229872325,46.56104850304316
227.63469461495538,309.7195734902034,105.3324439013345,49.86022211409877
220.397506843688,303.120961890811,103.20605399213518,46.319816126137184
220.43257661365328,303.213928687686,103.26354555438816,46.2545745237744
218.9232495659722,302.09052907986114,109.1461479852868,50.10789686784291
215.83063848586306,308.75650604538686,85.41418141834319,47.5821693979445
227.456244547526,310.05245124937994,105.94986693128206,42.54483927920003
225.4666765252976,306.56296498325895,112.11507976871069,45.57566818549141
221.75127470858132,296.7452859468006,109.01304208682075,42.148551063880724
221.51713668774806,310.8336770988343,95.68146770561562,55.72204108441569
227.84143439980159,309.7974738343254,104.81035261905004,44.4063958737989
221.38190947420634,303.93694481646827,98.68556514822744,43.05503721000026
221.1250021623884,306.89572409784233,95.31253330727988,49.30874068450045
228.00948939732143,309.5804075210814,103.11929574315509,44.473371355273734
220.4412627883184,309.43924534195196,84.04744958336644,55.59883608749935
220.80975102306547,307.5838337983631,94.8344846913474,51.152663040751506
217.69151708984373,305.74426182725693,102.84747133021884,57.085452551718106
220.5561988467262,309.34697782583083,84.89897793960571,55.46172281586935
227.3161373232887,309.6757132471478,103.67406398074843,44.706422662939346
220.68194942801338,303.3104994497148,103.4422964629925,45.57813875783688
225.67309072730654,307.0443806733631,114.69957470006791,45.83022309076218
219.07346765718006,305.69888131665425,108.44572358714211,60.99297612749079
225.46667652529763,306.562964983259,112.11507976871067,45.57566818549141
216.30578599330357,308.0019594959077,86.60625350643339,45.992299246243064
225.46667652529763,306.562964983259,112.11507976871067,45.57566818549141
228.00948939732143,309.5804075210814,103.11929574315509,44.473371355273734
220.54518755425343,309.8964386935764,84.68299110423195,56.03997768078911
220.5432385137649,303.34520498511904,103.35401140793795,46.481990019703666
224.5366943359375,300.8876069878472,122.32323804685805,39.163711434293674
220.16461247519842,308.72223502604163,123.45878206971588,71.32078470693315
217.69151708984373,305.74426182725693,102.84747133021884,57.085452551718106
226.46363588944692,309.7791380750868,103.58453878947667,45.42805962445749
226.80479488699774,311.0772446172805,93.38332275786476,51.06311326639993
212.49011056857643,311.25207752821177,92.09705599044617,73.4177947584889
218.51720222594244,306.7376574745784,107.28426180364718,60.699443214017876
225.55911472284225,306.04080715215775,112.47180144331192,43.902468509038286
224.86568391927085,309.2200082310268,87.11067486324008,49.70565910321191
221.32097200520835,308.910685546875,95.56832321929933,55.16705881563822
221.40442010788692,305.00773702566966,97.41562535637145,44.75207165646932
215.89497391183036,308.8240593377976,85.26260374698941,47.22252235170395
221.36551595052083,307.8084275716146,97.4542289516661,54.2734524201817
220.5683654513889,308.88585215153773,85.29904785535703,55.196782539937864
226.80479488699774,311.0772446172805,93.38332275786476,51.06311326639993
226.839437546503,309.08386986917156,96.71115318403295,49.808988051449816
220.48380368768602,307.9732927052331,85.50359374592796,54.34948245537596
220.397506843688,303.120961890811,103.20605399213518,46.319816126137184
218.92225171285963,302.4517101934524,109.78467757432422,52.250350689239596
220.62176071893606,303.4844744233631,103.2511063910893,45.792307638546774
221.58720542689736,308.04035579427085,97.58096149681485,46.84604011243108
226.8047948869978,311.07724461728054,93.38332275786476,51.063113266399924
225.6944038085938,310.25253749689983,97.84658005371296,54.65048469864124
218.92225171285963,302.4517101934524,109.78467757432422,52.25035068923961
216.999790093316,306.8974345858135,97.10226555435241,56.02712449041246
220.28519746713792,304.6804947451637,120.89964039320164,60.06136446512818
220.28519746713792,304.6804947451637,120.89964039320164,60.06136446512818
226.786595749628,311.3674391973586,93.23901007018013,51.229073317626174
219.01705087425597,305.3260924014137,108.57174323505826,60.590609067462744
219.85781339905753,303.8260127573165,114.30471470190987,55.028906646249155
220.55631894841267,302.80804475136404,102.46124933600552,45.24458582645875
216.35943793402777,310.8686253797743,96.57949689331761,66.20500873392601
226.74886611793153,311.0444992327009,93.35480128659142,51.04381305655979
216.88539226810516,310.3452878456721,97.03938010360073,64.49620440471487
221.2729958767361,307.25028710937505,96.1347586351324,54.53946011220084
221.53172470238096,309.6450540364584,84.77346725579923,49.82902388060534
226.79606986297125,310.6742641136533,93.29485362630167,51.00745226365044
220.4795030304439,309.8500733196924,84.61956369018051,55.839586579633135
212.3628902452257,313.28510210503475,81.17894232446176,67.67998568139254
220.4511363234747,304.893281343006,115.62573394716858,60.56882803439716
226.80479488699774,311.0772446172805,93.38332275786476,51.06311326639993
219.01705087425597,305.3260924014137,108.57174323505826,60.590609067462744
216.50965178571428,307.8954788876488,86.81242175311134,45.75351522839259
225.67845307849703,309.85877734375003,104.60607350782365,43.23179368913741
216.54629608444944,308.23845098586315,88.72768653379168,58.99390317228106
225.4666765252976,306.56296498325895,112.11507976871069,45.57566818549141
218.11273567708332,303.7666506076389,105.1307845353374,53.6746600057284
215.90175320870534,308.83435599578377,85.24175299483002,47.385587997416344
215.27503627232144,309.05541164434527,83.8825333457523,48.9236954589874
219.01877055431547,305.33055259486605,108.25898274530682,60.36785221313295
217.69151708984373,305.74426182725693,102.84747133021884,57.08545255171812
224.98225046502975,308.8902790178572,87.2128766662961,49.11473938330393
223.04380438523066,295.9609106755332,110.14736087375218,38.328577242452624
226.57925899057537,311.11912205481156,110.16166351145789,58.40428368102685
226.83688115001866,310.5200609770275,94.67029326986132,51.00744549390248
226.94390332031253,309.9747231987847,95.55366768678029,51.5023961941931
227.80195793030754,309.81709478856646,104.58208230444488,44.39542263337039
220.43477153087807,303.6077294146825,103.00234560144011,46.15374706080099
224.12402575489827,311.94846058872764,96.50535345619949,47.51663732904858
219.00016060577877,302.15082432725694,109.37294261864758,49.87812827301531
218.11273567708332,303.7666506076389,105.13078453533737,53.6746600057284
225.46667652529763,306.562964983259,112.11507976871067,45.57566818549141
216.03268846106153,307.7422545107887,86.13234047091449,46.30649061546628
225.46667652529763,306.562964983259,112.11507976871067,45.57566818549141
225.16215948195685,305.81079499937994,108.57539984556482,45.879742994440925
225.42551947699653,305.49453956628224,106.5984604169477,43.772290754743366
225.46667652529763,306.562964983259,112.11507976871067,45.57566818549141
220.48575482468377,303.4088194754464,102.54021567420355,46.121090009825565
223.3508790690104,299.90393453155997,118.95403800446142,40.0660761889932
220.28519746713786,304.6804947451637,120.89964039320164,60.06136446512818
226.80479488699774,311.0772446172805,93.38332275786476,51.06311326639993
226.7886583271329,307.3933390531994,115.96027028894173,46.470394604243936
220.52542122395835,303.36879090711807,102.63839101753538,45.88182698021616
225.2780538736979,297.27296348741316,111.20010946595228,35.626952853273465
221.4569626736111,307.73845876736107,95.98024387504435,54.70938916782096
221.59740306454614,304.84947781808035,96.09291136370008,45.83315711319257
218.92225171285963,302.4517101934524,109.78467757432422,52.250350689239596
227.10327686321926,309.70709444754465,104.04610030287283,44.956123152702574
225.46667652529763,306.562964983259,112.11507976871067,45.57566818549141
218.71983723958334,302.3407102864584,108.86934630860223,50.50654152711233
220.72690721493672,304.8258556470114,120.7212517952137,59.447176009817724
223.000633812314,295.8493651956225,110.04779812916247,38.28135167510169
220.45189925517735,309.85621074761286,83.97117313886572,56.16512992779288
220.5858697141617,309.38560368613594,82.72305179400672,55.42959403326777
212.4901528862847,310.62097886439733,91.95680929342907,71.58954930141995
222.9603984607515,296.4696974128844,109.8564552020068,39.69688650533636
225.74603438895093,303.4901597687252,114.39602490132954,44.30230647105641
219.0347546502976,302.27044517299106,109.19957338055606,50.2585191490133
226.80479488699774,311.0772446172805,93.38332275786476,51.06311326639993
226.77214504278277,308.3344404606895,97.00193604807376,48.88989909729629
220.56058024088543,304.19877799479167,119.04208165938766,56.21210965624563
217.7453673735119,308.03242494419635,102.76384477914073,61.91975675302839
226.83688115001866,310.52006097702747,94.67029326986132,51.00744549390247
221.42519951326886,302.20225086805556,98.42838960091525,42.475103128524054
220.47159092106895,303.278889625186,103.04910569639055,46.24947782553819
222.83085029141867,296.55234703621034,109.37460670896307,40.97725014228922
226.80479488699774,311.0772446172805,93.38332275786476,51.06311326639993
215.8653525700645,308.04483350384425,85.56927946079597,46.629406170350535
226.7721450427827,308.3344404606895,97.00193604807376,48.88989909729629
221.4569626736111,307.7384587673611,95.98024387504435,54.70938916782096
226.80479488699774,311.0772446172805,93.38332275786476,51.06311326639993
225.55911472284225,306.04080715215775,112.47180144331192,43.902468509038286
220.39405840773807,304.7887985491071,113.98598686259638,60.913979717723905
226.80479488699774,311.0772446172805,93.38332275786476,51.06311326639993
220.11725770399306,308.16793075706846,123.11706170570535,70.69449127342588
221.4569626736111,307.7384587673611,95.98024387504435,54.70938916782097
216.3323600260416,310.9676321614583,96.41239322514004,66.40188059813889
221.43354565042165,305.06366671316965,97.4641863071805,44.69238160528455
220.57437744915677,303.43866400049603,103.47316281635547,45.714497026080174
226.85386699761284,306.1536767074343,115.90368029085793,45.15308900768543
218.53960897197416,302.17288141741074,107.60491516811635,51.05506738972286
224.5366943359375,300.8876069878472,122.32323804685805,39.163711434293674
225.44836683097725,306.12524040488586,111.94140117983338,45.725484629989296
211.93709233165927,311.5181768701947,88.05853826616176,64.16518082628805
220.56906993272568,308.0728220796131,85.46727459204638,54.38875514556365
216.17266832527284,307.7674148840526,85.96442007562345,46.10864417492901
220.28519746713786,304.6804947451637,120.89964039320164,60.06136446512818
216.3323600260416,310.96763216145837,96.41239322514004,66.40188059813889
220.66420347377235,309.6569024212549,84.8227803990147,55.66923942706951
226.49629535202752,308.6049396158854,103.81331293276378,53.36011959589979
221.4569626736111,307.7384587673611,95.98024387504435,54.70938916782096
226.82468355887278,305.752554094587,115.68002541390676,44.65825131705451
223.78754596819198,296.35838004557297,110.33114460781641,37.86766058133141
224.6875239800347,299.821509781126,122.52607600064755,36.330790146311756
220.47950303044394,309.85007331969246,84.61956369018051,55.83958657963315
226.80479488699774,311.0772446172805,93.38332275786476,51.06311326639993
220.5593912954179,305.13671658761166,117.01217315101118,60.193666939840114
216.09640321180555,308.9974944661459,85.92846426031325,47.123880957391535
225.46667652529763,306.562964983259,112.11507976871067,45.57566818549141
220.2812251829117,304.205513733879,116.4246481145324,55.91206717033488
219.00016060577877,302.15082432725694,109.37294261864758,49.87812827301531
203.41125827752975,316.7583893229167,78.95092063843258,76.55733304189752
225.2780538736979,297.27296348741316,111.20010946595228,35.626952853273465
225.4666765252976,306.56296498325895,112.11507976871069,45.57566818549141
221.40853960503472,304.4309848090278,97.03472321107652,44.63174749642831
226.82205961294025,311.118540438213,93.32002496573281,51.12453176305156
226.88787207031245,306.1360623139881,115.49487549718219,45.13456510147216
226.86056102740577,309.216925641741,96.31743530944541,50.16923744112852
219.07346765718006,305.69888131665425,108.44572358714211,60.99297612749079
226.8141399429564,309.3584165271577,96.02578500730019,50.02748755692427
216.30578599330357,308.0019594959077,86.60625350643339,45.992299246243064
224.974451125372,309.20240964471725,87.2594005273486,49.30473325888316
219.21213138175844,305.7820992931548,111.40361719477619,62.224943530839596
217.21514380270338,308.8952399088542,85.05650113488252,48.39203875538155
212.30343298146082,312.24606059337793,80.99348464793756,66.85817066738593
221.97637760416666,298.3303408203125,115.60827893691594,41.233578668347114
216.3323600260416,310.96763216145825,96.41239322514005,66.40188059813889
215.48752520461312,308.5287532087053,84.78420705247304,47.50863656891717
223.04380438523066,295.9609106755332,110.14736087375218,38.328577242452624
220.4167293061756,304.67549060252355,100.98122614343835,48.69514088737775
219.0347546502976,302.27044517299106,109.19957338055606,50.2585191490133
216.35943793402777,310.8686253797743,96.57949689331761,66.20500873392601
226.33543506634427,310.4344762989832,102.96444995367463,46.9341941887361
226.74689319041417,307.73691796099945,114.29194029774742,49.16281280412119
212.2240911845858,312.6159063430059,81.27216679279893,67.25371958688201
220.56058024088543,304.19877799479167,119.04208165938766,56.21210965624563
225.78976670231896,309.73850606863846,102.60584608026534,44.663419138466864
212.43215984623015,310.9705035032242,91.83996885261334,72.15820929675631
219.17838764880952,301.9604380115328,109.57378331571913,49.504622417238025
225.2464157133557,306.57814246961806,110.5103196747139,47.26444563829332
220.5299914202009,303.58598291015625,102.82460421439578,46.290885029675465
219.0347546502976,302.27044517299106,109.19957338055606,50.2585191490133
220.64406811135913,308.49802818080354,85.32825249588174,55.00302852948001
220.56058024088543,304.19877799479167,119.04208165938766,56.21210965624563
220.59446129789808,302.6048224516369,102.20493553988642,45.20646530667689
225.5684494047619,305.7007596726191,112.8657940776159,43.30430844301899
224.46719342912948,296.8152562701513,111.04265180250704,36.86596659582632
220.16461247519842,308.72223502604163,123.45878206971588,71.32078470693315
225.4666765252976,306.56296498325895,112.11507976871069,45.57566818549141
216.03268846106147,307.7422545107887,86.13234047091449,46.30649061546628
220.4830992063492,308.78632277715775,85.3353670092386,55.157509849750184
225.2780538736979,297.27296348741316,111.20010946595228,35.626952853273465
220.4795030304439,309.85007331969246,84.61956369018051,55.839586579633135
228.59342032877606,309.6549867892795,103.78769458346896,43.617431479851405
216.3323600260416,310.96763216145837,96.41239322514004,66.40188059813889
212.30343298146082,312.24606059337793,80.99348464793755,66.85817066738593
220.4511363234747,304.893281343006,115.62573394716858,60.56882803439716
221.51113183593748,299.8271808965774,114.45063164980449,44.10922786815583
218.38390032087054,307.99760430617556,90.19444395194482,56.39078438532037
220.30537895275296,304.57711675347224,123.65632801654351,60.04057440679539
219.35699865141368,308.66703380766364,85.84495923255234,47.84392999174734
226.78539708891367,306.2223484700521,116.30896650751811,45.39581088495633
222.96039846075146,296.4696974128844,109.8564552020068,39.69688650533636
221.26087467447914,312.4670901692708,95.39864836268956,56.19867910056644
223.04380438523066,295.9609106755332,110.14736087375218,38.328577242452624
225.4483668309772,306.125240404886,111.94140117983338,45.725484629989296
212.30343298146082,312.24606059337793,80.99348464793755,66.85817066738593
222.27467234778024,295.23533699931795,109.69236532358646,38.90825885793645
223.49415990048365,304.94830133928576,98.36799080528532,43.54598737106247
220.56058024088543,304.19877799479167,119.04208165938766,56.21210965624563
227.99092778087797,309.6246024615576,103.3000085436402,44.34182598264381
218.9232495659722,302.0905290798611,109.14614798528683,50.1078968678429
227.3161373232887,309.6757132471478,103.6740639807484,44.70642266293934
218.9454370078435,302.31474736483136,108.59672086647075,50.19657542381968
220.49631535218253,304.88072362893723,100.88864304380063,48.665718070758075
226.90234770275302,309.21296524677575,96.35422718326124,50.188344718367965
226.80479488699774,311.0772446172805,93.38332275786476,51.06311326639993
221.40442010788692,305.00773702566966,97.41562535637145,44.75207165646932
220.28519746713792,304.6804947451637,120.89964039320164,60.06136446512818
225.46667652529763,306.562964983259,112.11507976871067,45.57566818549141
219.6229137865824,306.35540028366813,114.41767777344032,64.2834216267722
223.66671431671625,296.59880829923117,107.1670042912014,36.672462679227195
226.80479488699774,311.0772446172805,93.38332275786476,51.06311326639993
224.93078394717264,304.83394456845235,91.4619474064055,44.28428096718259
220.28519746713786,304.6804947451637,120.89964039320164,60.06136446512818
224.5366943359375,300.8876069878472,122.32323804685805,39.163711434293674
218.02461900111606,310.71280459449406,81.0731693211813,53.4435458017266
224.12402575489827,311.94846058872764,96.50535345619949,47.51663732904858
216.3323600260416,310.9676321614583,96.41239322514005,66.40188059813889
224.5366943359375,300.8876069878472,122.32323804685805,39.16371143429368
226.92447903878346,306.62084775700646,112.5089005075157,46.85699723910024
219.17838764880952,301.9604380115328,109.57378331571913,49.504622417238025
227.28635754975818,306.14446148391,103.37034374912957,40.12673008338989
226.80479488699774,311.0772446172805,93.38332275786476,51.06311326639993
225.2464157133557,306.57814246961806,110.5103196747139,47.26444563829331
215.8653525700645,308.04483350384425,85.56927946079597,46.629406170350535
224.14134776475694,299.8993683965774,121.26522478948823,38.122114633741845
221.40442010788692,305.00773702566966,97.41562535637145,44.75207165646932
221.2729958767361,307.25028710937505,96.1347586351324,54.53946011220084
223.04380438523066,295.9609106755332,110.14736087375218,38.328577242452624
226.78727573164684,308.4842260044643,96.77919717951175,49.1802800470433
225.46667652529763,306.562964983259,112.11507976871067,45.57566818549141
216.4656494140625,311.0471976453993,96.17537157023393,66.27469381431297
226.76613084387404,311.08579505363343,93.29150349445948,51.10523155321142
225.42551947699653,305.49453956628224,106.5984604169477,43.772290754743366
219.36579157366072,302.80963671874997,107.50216238410385,50.32133636830345
226.73101767113093,307.42882463727676,116.34423146944702,46.6112347569718
217.69151708984373,305.74426182725693,102.84747133021884,57.085452551718106
225.46667652529763,306.562964983259,112.11507976871067,45.57566818549141
220.28519746713792,304.6804947451637,120.89964039320164,60.06136446512818
212.35703385416667,312.68740490141363,80.84170515711345,67.09815935810029
226.7886583271329,307.3933390531994,115.96027028894173,46.470394604243936
226.95414502728175,309.83342548673113,104.35800637117013,45.713589153824664
220.62817282056054,303.41104913814485,102.65268438090975,45.90747425250401
220.2812251829117,304.20551373387895,116.4246481145324,55.912067170334865
226.95414502728175,309.83342548673113,104.35800637117013,45.71358915382466
220.1591334015377,308.756085844494,123.37064962830114,71.32758491803729
225.46667652529763,306.562964983259,112.11507976871067,45.57566818549141
226.839437546503,309.08386986917156,96.71115318403295,49.808988051449816
225.5309258510045,307.8204660140749,113.68037478654853,48.91880135877802
225.3177455512153,306.60022828311014,110.89030717684224,46.84403668586791
226.82205961294025,311.118540438213,93.32002496573281,51.12453176305156
220.80975102306547,307.5838337983631,94.8344846913474,51.152663040751506
225.46667652529763,306.562964983259,112.11507976871067,45.57566818549141
219.01705087425597,305.3260924014137,108.57174323505824,60.590609067462744
225.2464157133557,306.57814246961806,110.5103196747139,47.26444563829332
220.49574065290182,302.83894661458334,103.14954008698336,45.89053011541896
